[
    { "name": "Coca-Cola", "isIsraeli": true, "alternative": "URO Cola, Mojo" },
    { "name": "Pepsi", "isIsraeli": true, "alternative": "RC Cola" },
    { "name": "Nestlé KitKat", "isIsraeli": true, "alternative": "Raha Chocolate, Pran Choco" },
    { "name": "Maggi", "isIsraeli": true, "alternative": "Doodles Noodles, Mr. Noodles" },
    { "name": "Nescafe", "isIsraeli": true, "alternative": "Coffeewala, Barista Coffee" },
    { "name": "Starbucks", "isIsraeli": true, "alternative": "Gloria Jean’s, Beans & Brews" },
    { "name": "Loreal", "isIsraeli": true, "alternative": "Jui, BioAqua" },
    { "name": "McDonald’s", "isIsraeli": true, "alternative": "Burger King BD, Takeout" },
    { "name": "KFC", "isIsraeli": true, "alternative": "BFC, Star Kabab" },
    { "name": "Domino’s", "isIsraeli": true, "alternative": "PizzaBurg, Napoli Pizza" },
    { "name": "Dove", "isIsraeli": false },
    { "name": "Lux", "isIsraeli": false },
    { "name": "Parachute", "isIsraeli": false },
    { "name": "Fair & Lovely", "isIsraeli": false },
    { "name": "Pond’s", "isIsraeli": false },
    { "name": "Close Up", "isIsraeli": false },
    { "name": "Pepsodent", "isIsraeli": false },
    { "name": "Sunsilk", "isIsraeli": false },
    { "name": "Head & Shoulders", "isIsraeli": false },
    { "name": "Clear", "isIsraeli": false },
    { "name": "Dettol", "isIsraeli": false },
    { "name": "Savlon", "isIsraeli": false },
    { "name": "Johnson’s Baby", "isIsraeli": false },
    { "name": "Vaseline", "isIsraeli": false },
    { "name": "TRESemmé", "isIsraeli": false },
    { "name": "Whisper", "isIsraeli": false },
    { "name": "Stayfree", "isIsraeli": false },
    { "name": "Oral-B", "isIsraeli": false },
    { "name": "Gillette", "isIsraeli": false },
    { "name": "Nivea", "isIsraeli": false }
]